{"cameraMode":{"drawMode":0,"name":"Shaded","section":"Shading Mode"},"sceneLighting":false,"audioPlay":false,"sceneViewState":{"m_AlwaysRefresh":false,"showFog":true,"showSkybox":false,"showFlares":true,"showImageEffects":true,"showParticleSystems":true,"showVisualEffectGraphs":true,"m_FxEnabled":true},"in2DMode":false,"pivot":{"x":-0.000011295080184936523,"y":0.26327890157699587,"z":-0.013525247573852539},"rotation":{"x":0.07659852504730225,"y":0.18289737403392793,"z":-0.014295009896159172,"w":0.9800401329994202},"size":0.7129932045936585,"orthographic":false}